[{"groupNo":0,"name":"No Access","reportingMaxSeverity":0,"reporting":false},{"groupNo":0,"name":"Visitor","reportingMaxSeverity":0,"reporting":false},{"groupNo":0,"name":"Junior Operator","reportingMaxSeverity":0,"reporting":false},{"groupNo":0,"name":"Senior Oparator","reportingMaxSeverity":0,"reporting":false},{"groupNo":0,"name":"Supervisor","reportingMaxSeverity":0,"reporting":false},{"groupNo":0,"name":"Manager","reportingMaxSeverity":0,"reporting":false},{"groupNo":0,"name":"IT Specialist","reportingMaxSeverity":0,"reporting":false},{"groupNo":0,"name":"Instrument Technician","reportingMaxSeverity":0,"reporting":false},{"groupNo":0,"name":"Engineer","reportingMaxSeverity":0,"reporting":false},{"groupNo":0,"name":"Administrator","reportingMaxSeverity":0,"reporting":false}]