<?xml version='1.0' encoding='utf-8'?>
<project xmlns:ns1="http://www.plcopen.org/xml/tc6_0201" xmlns:xhtml="http://www.w3.org/1999/xhtml" xmlns:xsd="http://www.w3.org/2001/XMLSchema" xmlns="http://www.plcopen.org/xml/tc6_0201">
  <fileHeader companyName="Neznámo" productName="Unnamed" productVersion="1" creationDateTime="2021-10-27T13:18:13"/>
  <contentHeader name="Unnamed" modificationDateTime="2021-11-10T16:07:06">
    <coordinateInfo>
      <fbd>
        <scaling x="10" y="10"/>
      </fbd>
      <ld>
        <scaling x="10" y="10"/>
      </ld>
      <sfc>
        <scaling x="10" y="10"/>
      </sfc>
    </coordinateInfo>
  </contentHeader>
  <types>
    <dataTypes/>
    <pous>
      <pou name="test" pouType="program">
        <interface>
          <localVars>
            <variable name="IN_LED" address="%IX0.0">
              <type>
                <BOOL/>
              </type>
              <documentation>
                <xhtml:p><![CDATA[di_1_01]]></xhtml:p>
              </documentation>
            </variable>
            <variable name="Q_LED" address="%QX1.3">
              <type>
                <BOOL/>
              </type>
              <documentation>
                <xhtml:p><![CDATA[ro_2_08]]></xhtml:p>
              </documentation>
            </variable>
          </localVars>
        </interface>
        <body>
          <ST>
            <xhtml:p><![CDATA[(* IF IN_LED THEN
  Q_LED := TRUE;
ELSE
  Q_LED := FALSE;
END_IF;
*)

Q_LED := IN_LED;]]></xhtml:p>
          </ST>
        </body>
      </pou>
    </pous>
  </types>
  <instances>
    <configurations>
      <configuration name="Config0">
        <resource name="Res0">
          <task name="task0" priority="0" interval="T#20ms">
            <pouInstance name="instance0" typeName="test"/>
          </task>
        </resource>
      </configuration>
    </configurations>
  </instances>
</project>
