{"fullScreenLandscape":true,"showActiveAlarms":false,"sortActiveSeverity":false,"showToSeverity":0,"sortFilter":false,"textFilter":"","alarmRefreshTime":1000,"alarmRefresh":false,"connectionTimeout":1000,"viewAcess":-1,"writeAcess":-1,"userActionAccess":-1,"liveviewTar":true,"layoutType":"light","iconType":"0","showDescAsTitle":false,"logUserActions":false,"hideStatusBar":false,"hideTopToolBar":false,"alarmsInIcon":true,"alarmsNotifyShake":false,"alarmsNotifySound":false,"alarmSound":"","alarmSoundRepeat":1,"alarmSoundSeverity":0,"alarmSoundVolume":1.0,"statusBarBlack":false,"lockenabled":true,"settingsenabled":true,"remotecontrol":true,"startupScreen":"v;view1","lockInScreens":false,"lockInView":false,"hideStatusButton":false,"errorBox":"stroke:#ff0000;stroke-width:3.0;stroke-opacity:1.0;fill:#999999;fill-opacity:0.0;rx:0;ry:0","projectID":"992388","refreshCAS1":1000,"refreshCAS2":10000,"refreshCAS3":30000,"commIP":"127.0.0.1","maxSizeUserAction":5.0,"maxSizeAlarms":10.0,"olderThenAlarms":31536000,"olderThenUserAction":31536000,"casAlarmsConnection":"script","dateTimeDefault":"m;0;m;0","dateTimeOnlineAlarms":"m;0;m;0","dateTimeAlarmHistory":"m;0;m;0","dateTimeDatalogs":"m;0;m;0","dateTimeUserActions":"m;0;m;0","dateTimeTrends":"m;0;m;0","serialParams":["19200;No;1;8;Off;Off","19200;No;1;8;Off;Off","19200;No;1;8;Off;Off","19200;No;1;8;Off;Off","19200;No;1;8;Off;Off","19200;No;1;8;Off;Off"],"casAlarmsViewAccess":-1,"checkProjectSetting":"[{\"no\":1,\"name\":\"Tag\\u0027s Syntax\",\"enable\":true},{\"no\":2,\"name\":\"Equations\",\"enable\":true},{\"no\":3,\"name\":\"View\",\"enable\":true},{\"no\":6,\"name\":\"View - Unused References\",\"enable\":false},{\"no\":5,\"name\":\"View - Background Size\",\"enable\":false},{\"no\":7,\"name\":\"View - Bad Image\",\"enable\":false},{\"no\":4,\"name\":\"Data-log\",\"enable\":true},{\"no\":10,\"name\":\"Data-logs, Alarms and User Action total size\",\"enable\":true},{\"no\":11,\"name\":\"Tags Database\",\"enable\":true}]","casAlarmTableWidth":"","tagDBTableWidth":[308,308,80,100,100,100,45,0,45,20],"syntaxScriptIgnored":"","newViewSize":"","customLightTop":true,"customLightToolbar":false,"customLightFilter":false,"customLightInfo":false,"debugDeviceAlias":"127.0.0.1","topMenu":true,"RFIDuse":false,"virtualKeyboard":false,"RFIDtime":20,"disableBackspace":false,"editUsers":false,"editUserLevel":9,"editUserLevelEnable":false,"editUserLevelLowerEnable":false,"editUserGroup":[],"editUserGroupEnable":false,"editUserTextSize":100,"limitRemoteUsersEnable":false,"limitRemoteUsersLevel":0,"tagDbTreeByAlias":true,"CASAlarmsGroupIDs":[],"UserAccessGroupIDs":[],"ProjectAccessReadGroupIDs":[],"ProjectAccessWriteGroupIDs":[],"datalogsName":["default"],"myDESIGNER_Version":"8.8.0","projectDataCompatibilityVersion":"7.0.14","colsWidthOnline":"","hiddenColsOnline":"","textScaleOnline":100,"colsWidthHistory":"","hiddenColsHistory":"","textScaleHistory":100,"colsWidthUserAction":"","hiddenColsUserAction":"","textScaleUserAction":100,"TIAPortalIP":"127.0.0.1","TIAPortalPort":8081,"GISKey":"","recipesRemoteURL":""}